time,open,high,low,close,BBWP,Extreme Hi,Extreme Lo,MA 1,GodModeAlert,Fast,Slow,High,Fib,Fib Green,Fib Red,EMA Long/Short,Fast,Slow,High,Fib,BBWP,God Buy,God Sell,Ultra Buy,Ultra Sell,Perfect Setup
1761386400,111521.47,111718.99,111375.81,111563.81,13.88888888888889,NaN,NaN,10.555555555555554,0,69.41044592828173,63.31185737850993,57.41982424837293,66.49043883321445,1,0,1,69.41044592828173,63.31185737850993,57.41982424837293,66.49043883321445,-26.4,0,0,0,0,0
1761393600,111563.81,111943.19,111520,111680.91,16.666666666666664,NaN,NaN,12.3015873015873,0,72.24050953781213,63.89408823348052,58.287849982890556,67.577533201242,1,0,1,72.24050953781213,63.89408823348052,58.287849982890556,67.577533201242,-26.4,0,0,0,0,0
1761400800,111680.92,111765.97,111311.19,111385.18,18.253968253968253,NaN,NaN,14.206349206349206,0,72.66888630166157,64.52995343738749,58.97636487862049,66.35959750781021,1,0,1,72.66888630166157,64.52995343738749,58.97636487862049,66.35959750781021,-27,0,0,0,0,0
1761408000,111385.18,111479.99,111164.39,111374.96,9.126984126984127,NaN,NaN,14.047619047619046,0,71.00790315639983,65.10217413010888,59.390494582780065,64.27356814317135,1,0,1,71.00790315639983,65.10217413010888,59.390494582780065,64.27356814317135,-30,0,0,0,0,0
1761415200,111374.97,111731.78,111317.34,111623.45,6.349206349206349,NaN,NaN,12.857142857142856,0,69.91129539961516,65.73644572000819,59.86748244377906,65.89814149408659,1,0,1,69.91129539961516,65.73644572000819,59.86748244377906,65.89814149408659,-29.7,0,0,0,0,0
1761422400,111623.46,111659.39,111342.25,111477.76,3.1746031746031744,NaN,NaN,10.714285714285714,0,67.77580500428229,66.02281055678955,60.39786593986656,66.59905281516798,1,0,1,67.77580500428229,66.02281055678955,60.39786593986656,66.59905281516798,-29.4,0,0,0,1,0
1761429600,111477.76,111683.64,111409.54,111646.27,2.380952380952381,NaN,NaN,7.857142857142857,0,66.10247880797353,66.30488310579511,60.923641733570136,66.7546442193225,1,0,1,66.10247880797353,66.30488310579511,60.923641733570136,66.7546442193225,-29.1,0,0,0,1,0
1761436800,111646.27,111899.56,111520,111644.42,1.984126984126984,NaN,NaN,4.603174603174603,0,65.19853324537232,66.6716796739603,61.41843539219839,67.89096601671005,1,0,1,65.19853324537232,66.6716796739603,61.41843539219839,67.89096601671005,-28.8,0,0,0,1,0
1761444000,111644.41,111687.37,111260.45,111260.46,0.3968253968253968,NaN,NaN,2.8571428571428568,0,62.83038349411757,66.64438753630012,61.78293011395121,65.26043491956568,1,0,1,62.83038349411757,66.64438753630012,61.78293011395121,65.26043491956568,-27.3,0,1,0,0,0
1761451200,111260.46,111650.9,111260.46,111615.32,0,NaN,NaN,1.5873015873015874,0,61.51986632398511,66.59604449364625,62.0574740583119,65.06202519735298,1,0,1,61.51986632398511,66.59604449364625,62.0574740583119,65.06202519735298,-27.3,0,1,0,0,0
1761458400,111615.33,111724.96,111548.75,111723.98,0.3968253968253968,NaN,NaN,1.0317460317460312,0,61.30996569588915,66.69988921843218,62.37161138816707,78.65094236633672,1,0,1,61.30996569588915,66.69988921843218,62.37161138816707,78.65094236633672,-26.7,0,0,0,1,0
1761465600,111723.98,112779.81,111708.63,112528.83,7.142857142857142,NaN,NaN,1.9841269841269842,0,62.93907793040882,67.30723384219536,62.84415700378589,92.85737800183132,1,0,1,62.93907793040882,67.30723384219536,62.84415700378589,92.85737800183132,-18,0,0,0,0,0
1761472800,112528.82,113466.23,112189.33,113286.09,23.809523809523807,NaN,NaN,6.349206349206349,0,65.32344550129544,68.36326142574768,63.58739262627432,96.62255365128809,1,0,1,65.32344550129544,68.36326142574768,63.58739262627432,96.62255365128809,-8.100000000000001,0,0,0,0,0
1761480000,113286.09,114000,113279.85,113711.53,47.22222222222222,NaN,NaN,15.714285714285714,0,69.08153115346124,69.82568065934382,64.62156908386922,96.7085044006592,1,0,1,69.08153115346124,69.82568065934382,64.62156908386922,96.7085044006592,-5.699999999999999,0,0,0,0,0
1761487200,113711.53,113885.27,113425.87,113694.97,59.523809523809526,NaN,NaN,27.61904761904762,0,74.35626126115254,71.503298523119,65.85608850822837,95.9533962153516,1,0,1,74.35626126115254,71.503298523119,65.85608850822837,95.9533962153516,-5.400000000000002,0,0,0,0,0
1761494400,113694.97,113761.98,113290.62,113442.13,61.50793650793651,NaN,NaN,39.84126984126984,0,77.87610501567193,73.00405530623539,67.07677118220121,94.11657218909338,1,0,1,77.87610501567193,73.00405530623539,67.07677118220121,94.11657218909338,-6.300000000000001,0,0,0,0,0
1761501600,113442.14,113793.93,113442.13,113585.99,61.904761904761905,NaN,NaN,50.7936507936508,-1,80.24963909640341,74.2211718560649,68.20320750168145,93.37352437030489,1,0,1,80.24963909640341,74.2211718560649,68.20320750168145,93.37352437030489,-8.400000000000002,0,0,0,0,0
1761508800,113585.98,113590.48,112901,113497.06,61.904761904761905,NaN,NaN,58.41269841269841,-1,80.83950761747154,75.15521071165803,69.11277587500376,93.74804828924458,1,0,1,80.83950761747154,75.15521071165803,69.11277587500376,93.74804828924458,-19.200000000000003,0,0,0,0,0
1761516000,113497.06,115466.8,113497.06,114559.4,64.68253968253968,NaN,NaN,61.904761904761905,-1,80.92643426043341,75.95079201026525,69.97276000462548,91.41523535247578,1,0,1,80.92643426043341,75.95079201026525,69.97276000462548,91.41523535247578,-19.200000000000003,0,0,0,0,0
1761523200,114559.41,115388.96,114362.26,115284.01,69.44444444444444,NaN,NaN,63.88888888888889,-1,81.51061591789042,76.99270323224357,70.88208720518294,93.80581606366275,1,0,1,81.51061591789042,76.99270323224357,70.88208720518294,93.80581606366275,-10.2,0,0,0,0,0
1761530400,115284.01,115445.39,114815.6,114958.51,71.42857142857143,NaN,NaN,65.87301587301587,-1,81.74529109809909,78.17338632832369,71.72152185324833,96.07345817268184,1,0,1,81.74529109809909,78.17338632832369,71.72152185324833,96.07345817268184,-8.400000000000002,0,0,0,0,0
1761537600,114958.52,115652.89,114938.01,115556.57,68.65079365079364,NaN,NaN,67.22222222222223,-1,82.69563971481753,79.35499839953313,72.55536951254676,96.57609186120187,1,0,1,82.69563971481753,79.35499839953313,72.55536951254676,96.57609186120187,-6.600000000000001,0,0,0,0,0
1761544800,115556.56,116400,115361.65,115554.6,65.87301587301587,NaN,NaN,68.01587301587303,-1,83.20340006445907,80.28720520144425,73.28836404591212,95.12124849510286,1,0,1,83.20340006445907,80.28720520144425,73.28836404591212,95.12124849510286,-7.800000000000001,0,0,0,0,0
1761552000,115554.59,115607.48,114814.69,115254.01,59.523809523809526,NaN,NaN,66.98412698412699,-1,82.37739146631509,80.47294241944957,73.78055533729713,89.77023232589941,1,0,1,82.37739146631509,80.47294241944957,73.78055533729713,89.77023232589941,-10.2,0,0,0,0,0
1761559200,115254.01,115550.02,115120.9,115362.02,56.34920634920635,NaN,NaN,64.36507936507937,-1,80.98680908484576,80.2136828912384,74.12052762145663,88.63987583100246,1,0,1,80.98680908484576,80.2136828912384,74.12052762145663,88.63987583100246,-23.1,0,0,0,0,0
1761566400,115362.02,115437.48,114566.83,115264.28,53.57142857142857,NaN,NaN,60.7936507936508,-1,78.65046427146436,79.82246525595096,74.3948468602683,88.14637543685616,1,0,1,78.65046427146436,79.82246525595096,74.3948468602683,88.14637543685616,-27,0,0,0,1,0
1761573600,115264.29,115358,114503.99,114969.68,49.2063492063492,NaN,NaN,56.904761904761905,-1,74.75951385892662,79.00366894535024,74.51048414025122,85.04586815585333,1,0,1,74.75951385892662,79.00366894535024,74.51048414025122,85.04586815585333,-26.1,0,1,0,0,0
1761580800,114969.68,115706.06,114872.12,115706.06,47.22222222222222,NaN,NaN,53.17460317460318,0,71.78067757731233,78.48796255709416,74.70852688080987,87.11593849635679,1,0,1,71.78067757731233,78.48796255709416,74.70852688080987,87.11593849635679,-26.1,0,0,0,1,0
1761588000,115706.06,115790,114790.81,114942.64,33.33333333333333,NaN,NaN,47.93650793650794,0,68.00361612727684,77.56896546016965,74.71009799968681,86.24376205351686,1,0,1,68.00361612727684,77.56896546016965,74.71009799968681,86.24376205351686,-25.5,0,0,0,1,0
1761595200,114942.64,114942.64,114135.61,114302.7,24.6031746031746,NaN,NaN,41.58730158730158,0,62.86796358180606,75.96488275884882,74.4093384778999,76.96051997075551,1,0,1,62.86796358180606,75.96488275884882,74.4093384778999,76.96051997075551,-20.4,0,0,0,0,0
1761602400,114302.69,114585.01,113830.01,114107.65,14.285714285714285,NaN,NaN,33.73015873015873,0,57.16620896378185,74.00200423255009,73.89587093481609,71.54854373966197,1,0,1,57.16620896378185,74.00200423255009,73.89587093481609,71.54854373966197,-14.700000000000001,0,0,0,0,0
1761609600,114107.65,114547.2,113788.32,114424.76,15.476190476190476,NaN,NaN,26.98412698412698,0,52.73720009751598,71.91342495299138,73.40751495030244,72.33967395531397,1,0,1,52.73720009751598,71.91342495299138,73.40751495030244,72.33967395531397,-14.700000000000001,0,0,0,0,0
1761616800,114424.76,114474.1,113569.91,113908.24,25,NaN,NaN,22.539682539682538,0,47.7328368114375,69.30175274363432,72.76342704145713,70.96849903502252,1,0,1,47.7328368114375,69.30175274363432,72.76342704145713,70.96849903502252,-13.2,0,0,0,0,0
1761624000,113908.25,114076.91,113483.3,113605.31,33.33333333333333,NaN,NaN,22.539682539682538,0,41.30406538857399,66.32020031211471,72.0224766992276,63.97497882500011,1,0,1,41.30406538857399,66.32020031211471,72.0224766992276,63.97497882500011,-10.8,0,0,0,0,0
1761631200,113605.32,114364.99,113605.32,114188.37,32.142857142857146,NaN,NaN,24.047619047619044,0,38.00141595337964,63.97655366923839,71.47129733964047,64.53804655801613,1,0,1,38.00141595337964,63.97655366923839,71.47129733964047,64.53804655801613,-20.4,0,0,0,0,0
1761638400,114188.38,114634.46,114113.3,114528.6,26.58730158730159,NaN,NaN,26.507936507936506,0,37.85194406874419,62.30652766565193,71.02977505596645,71.0781133123286,1,0,1,37.85194406874419,62.30652766565193,71.02977505596645,71.0781133123286,-24.6,0,0,0,0,0
1761645600,114528.61,114673.68,114297.06,114357.73,25,NaN,NaN,28.41269841269841,0,38.87207020247064,60.81837054169929,70.51718928080686,71.90764856646504,1,0,1,38.87207020247064,60.81837054169929,70.51718928080686,71.90764856646504,-24.3,0,0,0,0,0
1761652800,114357.72,115522.91,114138.06,115522.9,25.793650793650798,NaN,NaN,28.571428571428573,0,42.79930641324553,60.36323080068345,70.32775520508316,78.61806082947243,1,0,1,42.79930641324553,60.36323080068345,70.32775520508316,78.61806082947243,-13.2,0,0,0,0,0
1761660000,115522.91,116086,114223.63,114641.38,23.809523809523807,NaN,NaN,26.666666666666668,0,46.438248650811616,59.930230894643316,70.08261034355849,80.33041840360957,1,0,1,46.438248650811616,59.930230894643316,70.08261034355849,80.33041840360957,-12.600000000000001,0,0,0,0,0
1761667200,114641.38,115591.41,114530,115290,25.396825396825395,NaN,NaN,25.317460317460316,0,51.113360726998266,59.59124923988456,69.9558438061117,78.59235610799425,1,0,1,51.113360726998266,59.59124923988456,69.9558438061117,78.59235610799425,-11.400000000000002,0,0,0,0,0
1761674400,115289.99,115366.45,113566.44,113689.99,23.015873015873016,NaN,NaN,24.6031746031746,0,51.70629309858432,58.390089156838485,69.39421722468555,71.49242013794057,1,0,1,51.70629309858432,58.390089156838485,69.39421722468555,71.49242013794057,-12,0,0,0,0,0
1761681600,113689,113703.32,112211,112994.4,31.746031746031743,NaN,NaN,25.952380952380953,0,50.025869325676524,56.822043968598805,68.46912204265732,54.361051285151206,0,1,1,50.025869325676524,56.822043968598805,68.46912204265732,54.361051285151206,-6,0,0,0,0,0
1761688800,112994.41,113289.02,112779.57,112898.45,42.857142857142854,NaN,NaN,29.36507936507936,0,46.57533903462022,54.865954076543055,67.25746844443161,48.45402754332467,0,1,1,46.57533903462022,54.865954076543055,67.25746844443161,48.45402754332467,-4.199999999999999,0,0,0,0,0
1761696000,112898.44,112975.75,112100,112500.03,57.14285714285714,NaN,NaN,36.031746031746025,0,40.71417361494328,52.530917439893514,65.79486552553647,44.7646936786473,0,1,1,40.71417361494328,52.530917439893514,65.79486552553647,44.7646936786473,-3.3000000000000007,0,0,0,0,0
1761703200,112500.03,112780,112339.77,112523.49,60.317460317460316,NaN,NaN,43.01587301587301,0,35.11983268412585,50.2039140235563,64.20171434979437,41.96648054698596,0,1,1,35.11983268412585,50.2039140235563,64.20171434979437,41.96648054698596,-4.199999999999999,0,0,0,0,0
1761710400,112523.49,113379,112505.58,113039.1,62.301587301587304,NaN,NaN,50.873015873015866,0,30.623783273055615,48.57159820499214,62.75765354590604,45.62048110413644,0,1,1,30.623783273055615,48.57159820499214,62.75765354590604,45.62048110413644,-5.400000000000002,0,0,0,0,0
1761717600,113039.09,113577.9,112976.93,113577.9,63.095238095238095,NaN,NaN,57.14285714285713,0,30.793366107843163,47.58162423974197,61.71457334561884,51.91495843949316,0,1,1,30.793366107843163,47.58162423974197,61.71457334561884,51.91495843949316,-18.9,0,0,0,0,0
1761724800,113577.9,113624.12,112768.63,112974.44,64.28571428571429,NaN,NaN,61.42857142857142,0,31.187869119542604,46.29329532332569,60.71483853491709,48.44293151359068,0,1,1,31.187869119542604,46.29329532332569,60.71483853491709,48.44293151359068,-23.4,0,0,0,0,0
1761732000,112974.44,113240.72,112732.91,113132.36,63.888888888888886,NaN,NaN,62.777777777777786,0,32.86463015241619,45.19152447420619,59.86063904391983,42.549999470045584,0,1,1,32.86463015241619,45.19152447420619,59.86063904391983,42.549999470045584,-23.1,0,0,0,0,0
1761739200,113132.35,113643.73,112705,112873.07,62.301587301587304,NaN,NaN,63.17460317460317,0,34.696622166262365,43.53496207505925,59.01133916983207,40.68095070139727,0,1,1,34.696622166262365,43.53496207505925,59.01133916983207,40.68095070139727,-22.8,0,0,0,0,0
1761746400,112873.08,112916,111401.5,111509.74,59.12698412698413,NaN,NaN,62.539682539682545,0,34.47941069395578,41.30297239511464,57.80799162083106,24.34369240784073,0,1,1,34.47941069395578,41.30297239511464,57.80799162083106,24.34369240784073,-11.400000000000002,0,0,0,0,0
1761753600,111509.74,111922.44,110960,111883.49,57.936507936507944,NaN,NaN,61.507936507936506,0,33.66329863964836,38.75065491650649,56.44485714509434,13.623024274657414,0,1,1,33.66329863964836,38.75065491650649,56.44485714509434,13.623024274657414,-8.400000000000002,0,0,0,0,0
1761760800,111883.5,112030.23,109200,110640,53.57142857142857,NaN,NaN,59.36507936507936,0,31.789204738141855,36.75366421514543,54.94194352535645,18.48795955882358,0,1,1,31.789204738141855,36.75366421514543,54.94194352535645,18.48795955882358,-3.6000000000000014,0,0,0,0,0
1761768000,110640,111800,110403.28,111617.26,51.19047619047619,NaN,NaN,56.82539682539682,0,31.570388420789847,35.64433647095336,53.68316436762074,26.786527777777746,0,1,-1,31.570388420789847,35.64433647095336,53.68316436762074,26.786527777777746,-5.100000000000001,0,0,0,0,0
1761775200,111617.26,111618.46,109733.22,110021.29,65.47619047619048,NaN,NaN,57.460317460317455,0,30.03157523948574,34.34005301535002,52.221201167755545,22.48993055555548,0,1,-1,30.03157523948574,34.34005301535002,52.221201167755545,22.48993055555548,-3,0,0,0,0,0
1761782400,110021.3,110725.64,109703.43,110460.76,67.46031746031747,NaN,NaN,59.12698412698412,0,29.58026836426673,33.57047125067169,50.854814098550094,14.458680555555478,0,1,-1,29.58026836426673,33.57047125067169,50.854814098550094,14.458680555555478,-4.5,0,0,0,0,0
1761789600,110460.75,111011.99,110331.04,110751.47,69.44444444444444,NaN,NaN,61.42857142857142,0,30.80330871668708,33.11085603124888,49.633911748748716,19.529374999999977,0,1,-1,30.80330871668708,33.11085603124888,49.633911748748716,19.529374999999977,-9.900000000000002,0,0,0,0,0
1761796800,110751.48,110761.43,107925.06,110248.29,73.01587301587301,NaN,NaN,65.31746031746032,0,32.290529279336624,32.78050554974962,48.60755039025955,24.480565940584814,0,1,-1,32.290529279336624,32.78050554974962,48.60755039025955,24.480565940584814,-9,0,0,0,0,0
1761804000,110248.28,111592,109978.01,111366.72,69.84126984126983,NaN,NaN,69.04761904761904,0,35.33624914060804,32.7161232044622,47.81482720470799,34.01139123108835,0,1,-1,35.33624914060804,32.7161232044622,47.81482720470799,34.01139123108835,-14.100000000000001,0,0,0,0,0
1761811200,111366.72,111467.01,110125.17,110171.69,64.68253968253968,NaN,NaN,68.88888888888889,0,37.066721510998875,32.71190470395422,46.942477147426715,33.55947062752072,0,1,-1,37.066721510998875,32.71190470395422,46.942477147426715,33.55947062752072,-11.7,0,0,1,0,0
1761818400,110171.68,110231.92,109692.3,109717.29,64.28571428571429,NaN,NaN,68.25396825396824,0,38.84310309348269,32.56567406560717,45.97571454208929,23.82825129145458,0,1,-1,38.84310309348269,32.56567406560717,45.97571454208929,23.82825129145458,-15.600000000000001,0,0,0,0,0
1761825600,109717.19,109777.93,107400,107627.16,74.20634920634922,NaN,NaN,69.20634920634919,0,37.88104803381226,31.67473036375537,44.38180203090501,11.83570317665966,0,1,-1,37.88104803381226,31.67473036375537,44.38180203090501,11.83570317665966,-0.6000000000000014,0,0,0,0,0
1761832800,107627.15,108374.21,107328,107711.56,77.38095238095238,NaN,NaN,70.07936507936508,0,35.838114174007856,31.00032987328457,42.70828143710127,3.375977072310416,0,1,-1,35.838114174007856,31.00032987328457,42.70828143710127,3.375977072310416,-0.3000000000000007,0,0,0,0,0
1761840000,107711.56,108214.85,106801,107486.69,81.74603174603175,NaN,NaN,72.46031746031744,0,32.4061981410006,30.02719276874344,40.781982883262046,5.68565120503256,0,1,-1,32.4061981410006,30.02719276874344,40.781982883262046,5.68565120503256,0,0,0,0,0,0
1761847200,107486.69,107556.65,106304.34,106536.39,87.3015873015873,NaN,NaN,76.98412698412696,0,27.26853524587675,28.772565398809277,38.925866340866385,4.720930347769045,0,1,-1,27.26853524587675,28.772565398809277,38.925866340866385,4.720930347769045,0,0,0,0,0,0
1761854400,106536.39,107950,106316.17,107907.68,88.09523809523809,NaN,NaN,81.74603174603173,1,24.53700264911977,27.77422385298023,37.5455973367922,9.08999510680827,0,1,-1,24.53700264911977,27.77422385298023,37.5455973367922,9.08999510680827,-0.9000000000000021,0,0,0,0,0
1761861600,107907.67,108334.53,107472,108322.88,84.92063492063492,NaN,NaN,83.88888888888887,1,24.254761367788166,27.637143509857168,36.58804910361323,17.93780693882324,0,1,-1,24.254761367788166,27.637143509857168,36.58804910361323,17.93780693882324,-3.3000000000000007,0,0,0,0,0
1761868800,108322.87,110042.16,108275.28,109619.77,84.12698412698413,NaN,NaN,85.23809523809521,0,28.120933356329516,28.382815500495834,36.20244008764384,26.417143604281517,0,1,-1,28.120933356329516,28.382815500495834,36.20244008764384,26.417143604281517,-3.900000000000002,0,0,0,0,0
1761876000,109619.77,109685.32,108565.26,109227.86,80.15873015873017,NaN,NaN,84.92063492063491,0,33.37561660426948,29.33118102618034,36.03071093613529,30.89916855361616,0,1,-1,33.37561660426948,29.33118102618034,36.03071093613529,30.89916855361616,-2.1000000000000014,0,0,1,0,0
1761883200,109227.87,110215,109114.88,109899.15,77.77777777777779,NaN,NaN,83.01587301587298,0,40.429451520166985,30.710935716139343,36.12139405728658,32.282832425022235,0,1,-1,40.429451520166985,30.710935716139343,36.12139405728658,32.282832425022235,-1.2000000000000028,0,0,1,0,0
1761890400,109899.15,109968.71,109266.58,109449.31,76.19047619047619,NaN,NaN,80.63492063492063,0,47.11017092031605,31.67127704241601,36.067972366369794,33.37959083408117,0,1,-1,47.11017092031605,31.67127704241601,36.067972366369794,33.37959083408117,-1.5,0,0,0,0,0
1761897600,109449.32,110450,109214.13,109848.39,66.26984126984127,NaN,NaN,76.90476190476188,0,52.97822576196114,32.894491361067345,36.11268252464062,33.12819568012395,0,1,-1,52.97822576196114,32.894491361067345,36.11268252464062,33.12819568012395,-7.5,0,0,0,0,0
1761904800,109848.39,110550,109461.53,110415.61,68.25396825396825,NaN,NaN,73.7301587301587,0,58.350071927650674,34.526924356567754,36.22131544088974,37.91391548447553,0,1,-1,58.350071927650674,34.526924356567754,36.22131544088974,37.91391548447553,-12.3,0,0,0,0,0
1761912000,110415.62,110681,109366.91,110157.54,70.23809523809523,NaN,NaN,71.74603174603172,0,61.897741777871516,36.691554747970315,36.354812013387885,39.44501894873639,0,1,-1,61.897741777871516,36.691554747970315,36.354812013387885,39.44501894873639,-21.3,0,0,0,0,0
1761919200,110157.54,111190,109590.46,110202.9,70.23809523809523,NaN,NaN,70.23809523809521,0,64.2554530810804,39.025786216815355,36.67126651493402,38.39154646650141,1,0,-1,64.2554530810804,39.025786216815355,36.67126651493402,38.39154646650141,-20.1,0,0,0,0,0
1761926400,110202.9,110300,108635,109299.98,65.47619047619048,NaN,NaN,68.09523809523806,0,63.432993712493854,40.8938481440352,36.79469779485079,34.144374909614605,0,1,-1,63.432993712493854,40.8938481440352,36.79469779485079,34.144374909614605,-21.3,0,0,0,0,0
1761933600,109299.98,110237.66,108974.76,109828.78,59.92063492063492,NaN,NaN,66.82539682539678,0,62.4193079295293,42.867304317969506,36.98632085262577,32.29149951563345,0,1,-1,62.4193079295293,42.867304317969506,36.98632085262577,32.29149951563345,-21,0,0,0,0,0
1761940800,109828.78,109828.79,109329.15,109558.48,33.33333333333333,NaN,NaN,59.8412698412698,0,60.153695078418366,44.31524009775221,36.96092019877082,34.08910756183025,0,1,-1,60.153695078418366,44.31524009775221,36.96092019877082,34.08910756183025,-22.5,0,0,0,0,0
1761948000,109558.48,109801.89,109483.66,109608.01,18.253968253968253,NaN,NaN,49.444444444444414,0,57.27445602447312,45.505736261514436,37.0837946351964,33.52094634244084,0,1,-1,57.27445602447312,45.505736261514436,37.0837946351964,33.52094634244084,-21,0,0,0,0,0
1761955200,109608.01,110048,109394.81,109734.11,8.333333333333332,NaN,NaN,37.063492063492035,0,54.75627886850856,46.32224484563095,37.234254265616975,34.418697848831385,0,1,-1,54.75627886850856,46.32224484563095,37.234254265616975,34.418697848831385,-24.3,0,0,0,0,0
1761962400,109734.1,110315.54,109478.09,110226.37,8.73015873015873,NaN,NaN,25.714285714285683,0,54.56905168425496,47.43115158426924,37.55369295518286,37.5795110441377,0,1,-1,54.56905168425496,47.43115158426924,37.55369295518286,37.5795110441377,-23.4,0,0,0,0,0
1761969600,110226.38,110564.49,110050,110140.79,7.936507936507936,NaN,NaN,15.317460317460291,0,55.593643932821216,48.40377044662662,37.878249104875266,39.65829930707055,1,0,-1,55.593643932821216,48.40377044662662,37.878249104875266,39.65829930707055,-23.7,0,0,0,0,0
1761976800,110140.78,110251.67,109933.86,110071.4,8.333333333333332,NaN,NaN,10.317460317460316,0,56.5990402833942,49.39999030423386,38.06785475130842,38.86615359765108,1,0,-1,56.5990402833942,49.39999030423386,38.06785475130842,38.86615359765108,-25.5,0,0,0,0,0
1761984000,110071.4,110270.9,109970.18,109991.29,7.936507936507936,NaN,NaN,8.253968253968253,0,57.65209652018751,50.2741374134705,38.328616484241515,38.101968377555515,1,0,-1,57.65209652018751,50.2741374134705,38.328616484241515,38.101968377555515,-24.9,0,0,0,0,0
1761991200,109991.29,110238.78,109854.72,110137.59,8.333333333333332,NaN,NaN,8.253968253968253,0,59.05205253275638,50.91129442157924,38.6918647223405,38.440305633195166,0,1,-1,59.05205253275638,50.91129442157924,38.6918647223405,38.440305633195166,-26.7,0,0,0,0,0
1761998400,110137.59,110200,109702.66,109946.27,6.349206349206349,NaN,NaN,7.777777777777777,0,58.965339933619276,51.25790987176475,39.239729878994815,38.21018109400657,0,1,-1,58.965339933619276,51.25790987176475,39.239729878994815,38.21018109400657,-27.6,0,0,0,0,0
1762005600,109946.26,110348,109728.94,110310.65,7.936507936507936,NaN,NaN,7.777777777777777,0,59.37685450029575,51.663529625239846,39.95961624390563,39.094795770861,0,1,-1,59.37685450029575,51.663529625239846,39.95961624390563,39.094795770861,-28.8,0,0,0,0,0
1762012800,110310.65,110529.99,110192,110208.97,8.333333333333332,NaN,NaN,7.777777777777777,0,59.787262661646636,52.27088821064122,40.73319198011937,40.43761488336335,1,0,-1,59.787262661646636,52.27088821064122,40.73319198011937,40.43761488336335,-28.8,0,0,0,0,0
1762020000,110208.96,110361.03,110193.43,110299.99,5.158730158730158,NaN,NaN,7.222222222222221,0,60.85127175752328,52.88605866972668,41.60729835288687,40.383125154626164,1,0,-1,60.85127175752328,52.88605866972668,41.60729835288687,40.383125154626164,-27.9,0,0,0,0,0
1762027200,110300,110516.17,109858.44,109862.85,5.158730158730158,NaN,NaN,6.587301587301587,0,59.83017777189304,53.17714951668118,42.283050232843436,38.61389580091731,0,1,-1,59.83017777189304,53.17714951668118,42.283050232843436,38.61389580091731,-26.4,0,0,0,0,0
1762034400,109862.85,110144.49,109862.84,110098.1,3.571428571428571,NaN,NaN,6.031746031746032,0,59.115354138623594,53.52927279402979,42.92344802418792,37.58191349934478,0,1,-1,59.115354138623594,53.52927279402979,42.92344802418792,37.58191349934478,-26.4,0,0,0,0,0
1762041600,110098.1,110127.26,109895.27,109978.01,0.7936507936507936,NaN,NaN,4.603174603174603,0,57.851826728844074,53.68891394365521,43.34579622734603,38.17056614112536,0,1,-1,57.851826728844074,53.68891394365521,43.34579622734603,38.17056614112536,-25.8,0,0,0,0,0
1762048800,109978.01,110263.91,109879.39,110053.23,0.7936507936507936,NaN,NaN,3.095238095238096,0,55.86391846193908,53.69269516238251,43.73804596826993,37.941208342960174,0,1,-1,55.86391846193908,53.69269516238251,43.73804596826993,37.941208342960174,-26.4,0,0,0,0,0
1762056000,110053.22,110784.13,110030.06,110497.98,1.984126984126984,NaN,NaN,2.46031746031746,0,55.718795680224304,53.978730686528436,44.17776188279876,41.740693800699816,1,0,-1,55.718795680224304,53.978730686528436,44.17776188279876,41.740693800699816,-24.6,0,0,0,0,0
1762063200,110497.98,111045.09,110274.9,110895.53,7.936507936507936,NaN,NaN,3.015873015873016,0,57.461848237810216,54.85124897966948,44.83411990659597,47.909635685502664,1,0,-1,57.461848237810216,54.85124897966948,44.83411990659597,47.909635685502664,-19.200000000000003,0,0,0,0,0
1762070400,110895.53,111037.94,110525.89,110714,11.904761904761903,NaN,NaN,4.682539682539682,0,60.21155990094234,55.79927839775458,45.482540107329825,55.13090103344996,1,0,-1,60.21155990094234,55.79927839775458,45.482540107329825,55.13090103344996,-17.1,0,0,0,0,0
1762077600,110714,111229.78,110346.15,111196.99,16.666666666666664,NaN,NaN,7.857142857142856,0,64.15606385787193,57.1708221963933,46.20857175302224,63.13055597091588,1,0,-1,64.15606385787193,57.1708221963933,46.20857175302224,63.13055597091588,-13.8,0,0,0,0,0
1762084800,111196.99,111250.01,110173.84,110568.65,17.063492063492063,NaN,NaN,11.111111111111109,0,66.5211829044721,58.172464840167784,46.81808400732887,62.382296076376974,1,0,-1,66.5211829044721,58.172464840167784,46.81808400732887,62.382296076376974,-14.4,0,0,0,0,0
1762092000,110568.65,110667.62,110096.32,110117.48,15.079365079365079,NaN,NaN,13.73015873015873,0,65.52015192916083,58.23550205905893,47.185215622085906,55.02807454025469,1,0,-1,65.52015192916083,58.23550205905893,47.185215622085906,55.02807454025469,-16.200000000000003,0,0,0,0,0
1762099200,110117.49,110263.91,109735.59,110190.4,15.476190476190476,NaN,NaN,15.238095238095235,0,62.38295739345381,57.85725524651732,47.52435045836139,52.45122551056694,1,0,-1,62.38295739345381,57.85725524651732,47.52435045836139,52.45122551056694,-18.6,0,0,0,0,0
1762106400,110190.41,110331,109960.95,110180.84,15.873015873015872,NaN,NaN,16.03174603174603,0,57.83493619421743,57.20168802843717,47.8084562272074,52.88286901227485,1,0,-1,57.83493619421743,57.20168802843717,47.8084562272074,52.88286901227485,-15.3,0,0,0,0,0
1762113600,110180.85,110213.2,109890.34,109990.9,18.650793650793652,NaN,NaN,16.428571428571427,0,51.93751553761713,56.257589664997454,47.975823983092695,51.52376423653736,1,0,-1,51.93751553761713,56.257589664997454,47.975823983092695,51.52376423653736,-14.700000000000001,0,0,0,0,0
1762120800,109990.91,110742.26,109471.34,110540.68,15.079365079365079,NaN,NaN,16.03174603174603,0,47.90119604567504,55.936050376062404,48.31239126146809,53.97519412376229,1,0,-1,47.90119604567504,55.936050376062404,48.31239126146809,53.97519412376229,-15.600000000000001,0,0,0,0,0
1762128000,110540.69,110750,109366.75,109665.5,20.634920634920633,NaN,NaN,17.142857142857142,0,43.8495488123541,55.14937975925737,48.51163926943529,51.758388639927844,1,0,-1,43.8495488123541,55.14937975925737,48.51163926943529,51.758388639927844,-22.2,0,0,0,0,0
1762135200,109665.5,109754.14,107907.44,107937.45,48.80952380952381,NaN,NaN,23.809523809523807,0,39.43436872086175,53.13331523167405,48.088087510706174,35.2483149814133,0,1,-1,39.43436872086175,53.13331523167405,48.088087510706174,35.2483149814133,-6.300000000000001,0,0,0,0,0
1762142400,107937.45,108075,107400,107606.75,65.47619047619048,NaN,NaN,33.73015873015873,0,34.86939460565995,50.3284841100965,47.22610886317307,23.723218517580722,0,1,-1,34.86939460565995,50.3284841100965,47.22610886317307,23.723218517580722,-2.1000000000000014,0,0,0,0,0
1762149600,107606.75,107832.45,107006.05,107468.23,78.17460317460318,NaN,NaN,45.63492063492063,0,30.697844145076893,47.00983260257574,46.17403268995045,21.536389976056153,0,1,-1,30.697844145076893,47.00983260257574,46.17403268995045,21.536389976056153,-0.9000000000000021,0,0,0,0,0
1762156800,107468.23,107912.86,106888,107197.94,84.52380952380952,NaN,NaN,59.52380952380952,0,26.378182052089542,43.25318476249325,44.91250255921296,18.29344989268169,0,1,-1,26.378182052089542,43.25318476249325,44.91250255921296,18.29344989268169,-0.9000000000000021,0,0,0,0,0
1762164000,107197.95,107920.92,106726.63,107787.42,86.11111111111111,NaN,NaN,72.61904761904762,0,22.62674189527903,39.76564371276216,43.83943526660991,22.0841965202,0,1,-1,22.62674189527903,39.76564371276216,43.83943526660991,22.0841965202,-1.8000000000000007,0,0,0,0,0
1762171200,107787.42,108265.44,107574.77,107908.68,82.93650793650794,NaN,NaN,79.44444444444443,0,22.021281513702732,37.1864822641742,43.07174620516248,29.124749573235672,0,1,-1,22.021281513702732,37.1864822641742,43.07174620516248,29.124749573235672,-8.7,0,0,0,0,0
1762178400,107908.68,108333,105511,105745.71,89.68253968253968,NaN,NaN,84.28571428571428,0,21.28964658058305,34.574520396708564,42.015763721816015,17.10046827586096,0,1,-1,21.28964658058305,34.574520396708564,42.015763721816015,17.10046827586096,-9,0,0,0,0,0
1762185600,105745.71,107783.2,105306.56,107481.19,87.6984126984127,NaN,NaN,86.19047619047619,0,23.48702129170085,33.149654439557544,41.366320590448886,19.22881155429692,0,1,-1,23.48702129170085,33.149654439557544,41.366320590448886,19.22881155429692,-9.600000000000001,0,0,0,0,0
1762192800,107481.2,107599.85,106455.23,107090,86.11111111111111,NaN,NaN,86.5079365079365,0,26.602772529654096,32.288116594240506,40.87371577491764,31.48602166276351,0,1,-1,26.602772529654096,32.288116594240506,40.87371577491764,31.48602166276351,-10.2,0,0,0,0,0
1762200000,107090,107169.68,106088.73,106888.71,81.74603174603175,NaN,NaN,85.63492063492063,0,29.62583002330278,31.628862989658607,40.396776289212795,27.028262167295733,0,1,-1,29.62583002330278,31.628862989658607,40.396776289212795,27.028262167295733,-9.900000000000002,0,0,0,0,0
1762207200,106888.71,106888.71,105755.59,106583.04,76.19047619047619,NaN,NaN,84.28571428571428,0,31.461749369545736,30.448283247570537,39.81510616129554,23.57973266112285,0,1,-1,31.461749369545736,30.448283247570537,39.81510616129554,23.57973266112285,-9.3,0,0,1,0,0
1762214400,106583.05,107298.74,105852.37,107040.01,55.158730158730165,NaN,NaN,77.38095238095238,0,34.01197140067262,30.151574007247184,39.475686706552466,25.321404234914024,0,1,-1,34.01197140067262,30.151574007247184,39.475686706552466,25.321404234914024,-11.100000000000001,0,0,1,0,0
1762221600,107040,107243.23,106223.14,107158.79,32.53968253968254,NaN,NaN,66.34920634920634,0,37.55901402776219,30.54629240257369,39.0813947476927,30.164971523273476,0,1,-1,37.55901402776219,30.54629240257369,39.0813947476927,30.164971523273476,-15,0,0,1,0,0
1762228800,107158.79,107299,104200,104215.76,61.904761904761905,NaN,NaN,61.507936507936506,0,36.73066416972274,30.218870647635846,38.10263855559656,15.693884291046697,0,1,-1,36.73066416972274,30.218870647635846,38.10263855559656,15.693884291046697,-3.6000000000000014,0,0,0,0,0
1762236000,104215.76,105201,104200,104490.72,71.82539682539682,NaN,NaN,59.52380952380952,0,34.605452717047754,29.685238699800582,36.897364389027175,2.1736139381362385,0,1,-1,34.605452717047754,29.685238699800582,36.897364389027175,2.1736139381362385,-1.5,0,0,0,0,0
1762243200,104490.73,104631.39,103636,103857.96,84.52380952380952,NaN,NaN,61.19047619047618,0,31.509765999402898,28.965676295645043,35.51620375721124,3.5194172782183877,0,1,-1,31.509765999402898,28.965676295645043,35.51620375721124,3.5194172782183877,-0.6000000000000014,0,0,0,0,0
1762250400,103857.96,104699.07,103605,104584.76,87.3015873015873,NaN,NaN,67.61904761904762,0,29.36474878318313,28.217101893486934,34.153765698556455,7.865416116285896,0,1,-1,29.36474878318313,28.217101893486934,34.153765698556455,7.865416116285896,-0.9000000000000021,0,0,0,0,0
1762257600,104584.75,104638.29,103576,103924.25,90.07936507936508,NaN,NaN,79.12698412698413,0,25.997884061395894,27.070255903633765,32.73127417242764,8.676862208502175,0,1,-1,25.997884061395894,27.070255903633765,32.73127417242764,8.676862208502175,-1.2000000000000028,0,0,0,0,0
1762264800,103924.26,104842.63,102915.05,103197.01,91.66666666666666,NaN,NaN,85.07936507936506,0,22.40448494888497,26.39154094683881,31.445634505209128,3.9604521562972543,0,1,-1,22.40448494888497,26.39154094683881,31.445634505209128,3.9604521562972543,-2.400000000000002,0,0,0,0,0
1762272000,103197.02,103500.05,100800,101114.83,100,NaN,NaN,90.7142857142857,0,20.090416176178074,25.018719649691846,30.039023221502088,3.197792027765299,0,1,-1,20.090416176178074,25.018719649691846,30.039023221502088,3.197792027765299,-3.6000000000000014,0,0,0,0,0
1762279200,101114.82,101711.84,100010.73,100542.64,100,NaN,NaN,93.8095238095238,0,18.27860864350127,23.476846651353885,28.58693804613177,3.872661459590322,0,1,-1,18.27860864350127,23.476846651353885,28.58693804613177,3.872661459590322,-0.3000000000000007,0,0,0,0,0
1762286400,100542.64,101119.4,98944.36,100311.46,100,NaN,NaN,96.34920634920634,0,17.01245120975835,22.00519122427404,27.16821598418624,7.921064758620769,0,1,-1,17.01245120975835,22.00519122427404,27.16821598418624,7.921064758620769,0,0,0,0,0,0
1762293600,100311.46,101893.09,100082,101497.22,99.60317460317461,NaN,NaN,98.25396825396824,1,17.17344137781733,21.21962559097514,25.948305274721882,15.92748046628991,0,1,-1,17.17344137781733,21.21962559097514,25.948305274721882,15.92748046628991,-0.3000000000000007,0,0,0,0,0
1762300800,101497.23,101752.96,98966.8,100761.62,99.20634920634922,NaN,NaN,99.76190476190474,1,18.382648755738575,20.524356211553492,24.922154758129793,17.756558979005572,0,1,-1,18.382648755738575,20.524356211553492,24.922154758129793,17.756558979005572,-1.8000000000000007,0,0,0,0,0
1762308000,100761.62,102272.23,100754.54,102130,98.4126984126984,NaN,NaN,99.44444444444443,1,22.039480764952085,20.44456017910786,24.547889196942506,20.32765437014704,0,1,-1,22.039480764952085,20.44456017910786,24.547889196942506,20.32765437014704,-6.900000000000002,0,0,1,0,0
1762315200,102130,102370,101517.47,101824.89,91.66666666666666,NaN,NaN,97.77777777777776,1,26.690118182043054,21.282767813663597,24.61382905225133,24.64790563684163,0,1,-1,26.690118182043054,21.282767813663597,24.61382905225133,24.64790563684163,-12.900000000000002,1,0,0,0,0
1762322400,101824.89,102152.58,101500,101993.02,90.07936507936508,NaN,NaN,95.79365079365077,1,32.060830813934025,22.586717973042234,24.933973241576812,24.091332030408825,0,1,-1,32.060830813934025,22.586717973042234,24.933973241576812,24.091332030408825,-11.100000000000001,0,0,1,0,0
1762329600,101993.03,102203.48,101176.47,101995.29,83.73015873015873,NaN,NaN,92.61904761904759,0,37.06590019187705,24.014111551805133,25.348416170033826,24.783696919707612,0,1,-1,37.06590019187705,24.014111551805133,25.348416170033826,24.783696919707612,-12.3,0,0,1,0,0
1762336800,101995.28,102110.48,101285.09,102070.61,79.36507936507937,NaN,NaN,88.65079365079363,0,41.75051378967908,25.404144327018997,25.763149740609997,25.098958608444075,0,1,-1,41.75051378967908,25.404144327018997,25.763149740609997,25.098958608444075,-18.6,0,0,0,0,0
1762344000,102070.62,103253.39,101916.77,102985.91,64.28571428571429,NaN,NaN,81.8253968253968,0,47.364323487168264,27.185756180331698,26.251635715179415,29.124020267113107,0,1,-1,47.364323487168264,27.185756180331698,26.251635715179415,29.124020267113107,-14.4,0,0,0,0,0
1762351200,102985.9,103798.37,102169.06,103728.3,62.698412698412696,NaN,NaN,76.031746031746,0,52.94654058389852,29.455288809813993,27.095830382882,35.859503561372264,0,1,-1,52.94654058389852,29.455288809813993,27.095830382882,35.859503561372264,-12.600000000000001,0,0,0,0,0
1762358400,103728.3,104039.66,103057.56,103904.05,68.65079365079364,NaN,NaN,71.74603174603172,0,58.79276620230084,32.06598554492567,27.896208194224652,39.590066351635265,0,1,-1,58.79276620230084,32.06598554492567,27.896208194224652,39.590066351635265,-9.600000000000001,0,0,0,0,0
1762365600,103904.05,104529.41,103759.53,104008.09,75.79365079365078,NaN,NaN,70.15873015873014,0,64.11026819251285,34.79899794233937,28.69558775603074,40.72690187027911,0,1,-1,64.11026819251285,34.79899794233937,28.69558775603074,40.72690187027911,-8.7,0,0,0,0,0
1762372800,104008.09,104534.74,103500.8,103672.37,74.20634920634922,NaN,NaN,69.1269841269841,0,67.82073250873493,37.43404505131553,29.467056823461625,39.7855456639836,0,1,-1,67.82073250873493,37.43404505131553,29.467056823461625,39.7855456639836,-10.5,0,0,0,0,0
1762380000,103672.38,104100,103305.05,103885.16,64.68253968253968,NaN,NaN,69.20634920634919,0,70.49896927466679,39.74622786033122,30.20252281417976,39.2860596555241,0,1,-1,70.49896927466679,39.74622786033122,30.20252281417976,39.2860596555241,-14.100000000000001,0,0,0,0,0
1762387200,103885.16,103897.86,102716.26,103365.65,61.50793650793651,NaN,NaN,68.96825396825395,0,70.52216265102977,41.68604154570832,30.71028596483479,38.039802854786224,0,1,-1,70.52216265102977,41.68604154570832,30.71028596483479,38.039802854786224,-23.7,0,0,0,0,0
1762394400,103365.64,103933.33,102855.66,103636.03,50.39682539682539,NaN,NaN,65.31746031746029,0,69.43081816151187,43.2891795844992,31.121528738233792,37.02754425812532,0,1,-1,69.43081816151187,43.2891795844992,31.121528738233792,37.02754425812532,-27.3,0,0,0,0,0
1762401600,103636.92,104200,103088,103143.57,48.41269841269841,NaN,NaN,59.841269841269806,0,66.27055349871318,44.47587017238537,31.6300399623409,36.12519452446645,0,1,-1,66.27055349871318,44.47587017238537,31.6300399623409,36.12519452446645,-25.2,0,0,0,0,0
1762408800,103143.57,103591.47,102910.66,103185.48,41.66666666666667,NaN,NaN,53.333333333333314,0,62.60124576642618,45.50328808129356,32.16542031331155,34.29453137379987,0,1,-1,62.60124576642618,45.50328808129356,32.16542031331155,34.29453137379987,-24,0,0,0,0,0
1762416000,103184.75,103440,102810,102810.01,35.714285714285715,NaN,NaN,47.53968253968252,0,57.68911595209352,46.19881708953187,32.63471614724139,32.93921897664892,0,1,-1,57.68911595209352,46.19881708953187,32.63471614724139,32.93921897664892,-22.2,0,0,0,0,0
1762423200,102810.01,103300.01,102651.63,103227.58,28.968253968253972,NaN,NaN,41.03174603174601,0,53.75973232628863,47.02573827141255,33.11836287076069,33.110278611857154,0,1,-1,53.75973232628863,47.02573827141255,33.11836287076069,33.110278611857154,-23.1,0,0,0,0,0
1762430400,103227.59,103626.46,102383.64,103319.71,18.650793650793652,NaN,NaN,34.682539682539655,0,51.43856841138785,47.7485024106888,33.68364925585941,35.1812785184042,0,1,-1,51.43856841138785,47.7485024106888,33.68364925585941,35.1812785184042,-26.4,0,0,0,0,0
1762437600,103319.71,103579.68,101630,102014.48,28.968253968253972,NaN,NaN,30.793650793650766,0,47.42390356417809,47.70233960440607,34.084929932223986,30.25224185638307,0,1,-1,47.42390356417809,47.70233960440607,34.084929932223986,30.25224185638307,-16.8,0,0,0,0,0
1762444800,102014.49,102393.51,100300.95,101804.01,36.904761904761905,NaN,NaN,29.841269841269842,0,44.09206410632091,47.02517780240649,34.37849022851491,24.093688671463898,0,1,-1,44.09206410632091,47.02517780240649,34.37849022851491,24.093688671463898,-15.3,0,0,0,0,0
1762452000,101804.02,102338,100916.74,101388.81,47.61904761904761,NaN,NaN,32.22222222222222,0,40.801799722293566,45.81087583439139,34.54578265879637,21.551482449118875,0,1,-1,40.801799722293566,45.81087583439139,34.54578265879637,21.551482449118875,-10.2,0,0,0,0,0
1762459200,101388.82,101643.28,100541.17,101117.17,55.158730158730165,NaN,NaN,37.460317460317455,0,37.609425379178376,44.135219152907304,34.51627286995503,18.76073185894283,0,1,-1,37.609425379178376,44.135219152907304,34.51627286995503,18.76073185894283,-9,0,0,0,0,0
1762466400,101117.17,101538,101009.7,101346.04,57.936507936507944,NaN,NaN,45.317460317460316,0,34.50037628869673,42.29297224167068,34.34619601374808,18.586949896998508,0,1,-1,34.50037628869673,42.29297224167068,34.34619601374808,18.586949896998508,-8.400000000000002,0,0,0,0,0
1762473600,101346.04,101894.83,100749.94,101538.96,56.74603174603175,NaN,NaN,50.87301587301587,0,32.60012008273562,40.88277545804692,34.31679900587409,20.30075615672477,0,1,-1,32.60012008273562,40.88277545804692,34.31679900587409,20.30075615672477,-11.7,0,0,0,0,0
1762480800,101538.96,102500,101242.79,101916.29,52.38095238095239,NaN,NaN,53.968253968253975,0,33.59750298857517,39.889737344926004,34.35835490185015,23.129219478524153,0,1,-1,33.59750298857517,39.889737344926004,34.35835490185015,23.129219478524153,-23.7,0,0,0,0,0
1762488000,101916.3,102527,101582.92,102447.47,47.61904761904761,NaN,NaN,53.96825396825396,0,36.57534047092636,39.64298369127903,34.61463098921222,27.423502664827975,0,1,-1,36.57534047092636,39.64298369127903,34.61463098921222,27.423502664827975,-18.3,0,0,1,0,0
1762495200,102447.48,102496,101638.43,102010,44.047619047619044,NaN,NaN,51.74603174603175,0,40.133513927284895,39.53739995994003,34.91230102175068,27.820389237686403,0,1,-1,40.133513927284895,39.53739995994003,34.91230102175068,27.820389237686403,-18,0,0,1,0,0
1762502400,102009.99,102050,100775.65,101013.66,44.047619047619044,NaN,NaN,48.96825396825396,0,41.557008636607094,38.96748155454755,35.01313236981649,21.747825615553264,0,1,-1,41.557008636607094,38.96748155454755,35.01313236981649,21.747825615553264,-16.8,0,0,1,0,0
1762509600,101013.67,101250.03,99803.58,100411.89,51.19047619047619,NaN,NaN,47.85714285714285,0,41.2890956300085,37.78535981185685,34.89706632773086,14.979408147292329,0,1,-1,41.2890956300085,37.78535981185685,34.89706632773086,14.979408147292329,-13.8,0,0,0,0,0
1762516800,100411.89,100625,99260.86,100347.35,49.2063492063492,NaN,NaN,47.222222222222214,0,39.84146306864158,36.223789218914035,34.57536106928619,12.157409509353176,0,1,-1,39.84146306864158,36.223789218914035,34.57536106928619,12.157409509353176,-9.3,0,0,0,0,0
1762524000,100347.35,101253.99,99519.32,100797.95,35.317460317460316,NaN,NaN,44.76190476190476,0,38.289910039770746,34.99328567349569,34.159213094881196,14.515704040660271,0,1,-1,38.289910039770746,34.99328567349569,34.159213094881196,14.515704040660271,-9.3,0,0,0,0,0
1762531200,100797.95,102736.84,100517.06,102397.12,38.492063492063494,NaN,NaN,43.650793650793645,0,39.12738536078609,35.128354594724655,34.111528357816894,26.961637983819696,0,1,-1,39.12738536078609,35.128354594724655,34.111528357816894,26.961637983819696,-7.5,0,0,0,0,0
1762538400,102397.13,103395.25,102282.2,103395.25,54.36507936507936,NaN,NaN,45.71428571428571,0,42.8083077370658,36.77482679838704,34.52464673496335,42.09155958690501,1,0,-1,42.8083077370658,36.77482679838704,34.52464673496335,42.09155958690501,-5.100000000000001,0,0,1,0,0
1762545600,103395.92,103900,102958,103879.23,69.84126984126983,NaN,NaN,49.44444444444444,0,49.60566256020269,39.52762112104788,35.32730880659764,49.9846623153087,1,0,-1,49.60566256020269,39.52762112104788,35.32730880659764,49.9846623153087,-1.2000000000000028,0,0,0,0,0
1762552800,103879.22,104096.36,103329.79,103339.08,75.39682539682539,NaN,NaN,54.68253968253968,0,56.89760895809114,42.40159561915915,36.214241998925914,49.68552420797899,1,0,-1,56.89760895809114,42.40159561915915,36.214241998925914,49.68552420797899,-1.2000000000000028,0,0,0,0,0
1762560000,103339.09,103406.22,102539.49,102996.84,77.38095238095238,NaN,NaN,63.09523809523809,0,62.96164537323288,44.97357151271861,37.065644243133086,44.98628129313723,0,1,-1,62.96164537323288,44.97357151271861,37.065644243133086,44.98628129313723,-3.3000000000000007,0,0,0,0,0
1762567200,102996.85,103333.33,102592.75,102592.76,77.38095238095238,NaN,NaN,70.87301587301587,0,66.4365100267739,46.761800295682434,37.64858481575196,41.01169072410909,0,1,-1,66.4365100267739,46.761800295682434,37.64858481575196,41.01169072410909,-7.199999999999999,0,0,0,0,0
1762574400,102592.76,102836,102272.66,102304,76.98412698412699,NaN,NaN,75.39682539682539,0,66.44922418135798,47.70137125072178,38.0035968345061,38.434846730552934,0,1,-1,66.44922418135798,47.70137125072178,38.0035968345061,38.434846730552934,-16.5,0,0,0,0,0
1762581600,102304.01,102519.03,101902.64,102352.96,76.5873015873016,NaN,NaN,76.74603174603175,0,64.05477695470498,48.32300406762367,38.21174019714211,38.69537558805735,0,1,-1,64.05477695470498,48.32300406762367,38.21174019714211,38.69537558805735,-16.200000000000003,0,0,0,0,0
1762588800,102352.96,102687.72,102156.36,102399.46,76.5873015873016,NaN,NaN,76.98412698412699,0,60.47032056437922,49.181598805250545,38.38128885113919,40.368124210712395,0,1,-1,60.47032056437922,49.181598805250545,38.38128885113919,40.368124210712395,-15.9,0,0,0,0,0
1762596000,102399.45,102630.14,101715.76,101857.1,71.42857142857143,NaN,NaN,75.7936507936508,0,55.693017325351825,49.9733713259325,38.357429981469224,38.109601371214154,0,1,-1,55.693017325351825,49.9733713259325,38.357429981469224,38.109601371214154,-17.700000000000003,0,0,0,0,0
1762603200,101857.1,102186.99,101720.67,101804.63,61.904761904761905,NaN,NaN,72.6984126984127,0,50.369330644746185,50.67717331655904,38.21477041168252,34.549723267549595,0,1,-1,50.369330644746185,50.67717331655904,38.21477041168252,34.549723267549595,-18.6,0,0,0,0,0
1762610400,101804.62,102083.67,101454,101711.45,49.60317460317461,NaN,NaN,67.22222222222221,0,45.71018520725384,51.18037168550438,38.12284257172692,33.678051956756974,0,1,-1,45.71018520725384,51.18037168550438,38.12284257172692,33.678051956756974,-23.4,0,0,0,0,0
1762617600,101711.46,102003.57,101525.98,101994.52,36.11111111111111,NaN,NaN,59.12698412698412,0,42.94135283875357,51.26081734481109,38.15190217765938,34.81448632137351,0,1,-1,42.94135283875357,51.26081734481109,38.15190217765938,34.81448632137351,-25.8,0,0,0,0,0
1762624800,101994.53,102219.39,101522.08,101989.65,37.698412698412696,NaN,NaN,51.34920634920634,0,41.12959367691065,50.76818624554723,38.28542152516149,42.590752377526925,0,1,-1,41.12959367691065,50.76818624554723,38.28542152516149,42.590752377526925,-25.8,0,0,0,0,0
1762632000,101989.65,102367.72,101957.94,102272.81,33.33333333333333,NaN,NaN,43.73015873015871,0,41.55863390745273,50.2127504021111,38.629937234814804,52.55194168113324,0,1,-1,41.55863390745273,50.2127504021111,38.629937234814804,52.55194168113324,-25.8,0,0,0,0,0
1762639200,102272.82,102482.2,102171.73,102312.94,22.22222222222222,NaN,NaN,35.79365079365077,0,43.975877776810314,49.91197456311177,39.080012612043745,56.77113797774597,0,1,-1,43.975877776810314,49.91197456311177,39.080012612043745,56.77113797774597,-26.7,0,0,0,0,0
1762646400,102312.95,102337.89,101620.23,102045.07,12.3015873015873,NaN,NaN,28.333333333333307,0,46.14019261229419,49.669090209512845,39.50169283710864,54.84057189650528,0,1,-1,46.14019261229419,49.669090209512845,39.50169283710864,54.84057189650528,-26.7,0,0,0,0,0
1762653600,102045.07,102045.07,101400,101662.05,9.523809523809524,NaN,NaN,23.015873015872995,0,46.19866013042487,49.25798920667488,39.74412462212391,49.32293706459696,0,1,-1,46.19866013042487,49.25798920667488,39.74412462212391,49.32293706459696,-25.2,0,0,0,0,0
1762660800,101662.05,102130.61,101635.96,101928.54,5.952380952380952,NaN,NaN,16.66666666666665,0,46.16134173113828,49.07113081794555,39.94125585239995,49.72834083736052,0,1,-1,46.16134173113828,49.07113081794555,39.94125585239995,49.72834083736052,-26.7,0,0,0,0,0
1762668000,101928.54,101980,101681.75,101944.59,5.555555555555555,NaN,NaN,11.111111111111093,0,45.96025323384656,48.84420156741763,40.13767961553595,53.52417903612978,0,1,-1,45.96025323384656,48.84420156741763,40.13767961553595,53.52417903612978,-26.4,0,0,0,0,0
1762675200,101944.6,102127.26,101631.62,101657.46,5.158730158730158,NaN,NaN,7.698412698412679,0,43.54827709708361,48.152640964804505,40.3328808919061,51.099656910621434,0,1,-1,43.54827709708361,48.152640964804505,40.3328808919061,51.099656910621434,-24,0,0,0,0,0
1762682400,101657.46,102307.68,101500,102239.41,3.968253968253968,NaN,NaN,6.031746031746012,0,43.620945520217646,48.048383815885174,40.79563103792107,53.65377062623158,0,1,-1,43.620945520217646,48.048383815885174,40.79563103792107,53.65377062623158,-24,0,0,0,0,0
1762689600,102239.41,102997.38,102050.64,102911.39,11.507936507936508,NaN,NaN,6.428571428571428,0,47.11842442940637,48.87925843353471,41.6659609718166,64.8103248239025,1,0,-1,47.11842442940637,48.87925843353471,41.6659609718166,64.8103248239025,-17.4,0,0,0,0,0
1762696800,102911.4,104168,102769.99,103762.17,30.952380952380953,NaN,NaN,11.428571428571429,0,52.7192490861561,50.75235840536191,42.91277433527065,78.09785296341383,1,0,-1,52.7192490861561,50.75235840536191,42.91277433527065,78.09785296341383,-9.3,0,0,0,0,0
1762704000,103762.18,103964.81,103316.23,103637.57,36.904761904761905,NaN,NaN,17.6984126984127,0,58.34136098945703,52.92098728911593,44.1309532705809,84.16971944754144,1,0,-1,58.34136098945703,52.92098728911593,44.1309532705809,84.16971944754144,-7.800000000000001,0,0,0,0,0
1762711200,103637.58,104805.57,103520,104805.57,59.523809523809526,NaN,NaN,28.571428571428573,0,65.35332927005557,55.89593494617027,45.54707707192466,91.49421298929823,1,0,-1,65.35332927005557,55.89593494617027,45.54707707192466,91.49421298929823,-5.100000000000001,0,0,0,0,0
1762718400,104805.57,105061.08,104314.89,104528.82,67.06349206349206,NaN,NaN,41.19047619047619,0,72.03439474777673,58.53154509027816,46.803890274540684,95.41172576212631,1,0,-1,72.03439474777673,58.53154509027816,46.803890274540684,95.41172576212631,-5.100000000000001,0,0,0,0,0
1762725600,104528.82,105495.62,104058.59,104722.96,79.36507936507937,NaN,NaN,54.76190476190477,0,76.29370415824326,60.77456577246393,47.9552278106313,89.21533648651675,1,0,-1,76.29370415824326,60.77456577246393,47.9552278106313,89.21533648651675,-6.900000000000002,0,0,0,0,0
1762732800,104722.95,106670.11,104265.02,105699.99,87.6984126984127,NaN,NaN,66.11111111111111,0,78.76972232984552,62.95645349334419,49.14525225827472,87.25692921141683,1,0,1,78.76972232984552,62.95645349334419,49.14525225827472,87.25692921141683,-7.800000000000001,0,0,0,0,0
1762740000,105700,106291.43,105556.68,106027.97,91.66666666666666,NaN,NaN,77.06349206349208,0,80.76505449812561,65.41259913967615,50.47078689012112,89.1199514120863,1,0,1,80.76505449812561,65.41259913967615,50.47078689012112,89.1199514120863,-9,0,0,0,0,0
1762747200,106027.97,106473.73,105846.26,106100,92.46031746031747,NaN,NaN,83.65079365079366,0,82.47695673670296,67.77246477846612,51.79991627254495,91.81934743732498,1,0,1,82.47695673670296,67.77246477846612,51.79991627254495,91.81934743732498,-9,0,0,0,0,0
1762754400,106100,106539.4,105963.3,106461.45,92.85714285714286,NaN,NaN,88.80952380952381,-1,83.75702545858164,70.32996887295697,53.20745782735903,94.74460977831762,1,0,1,83.75702545858164,70.32996887295697,53.20745782735903,94.74460977831762,-12,0,0,0,0,0
1762761600,106461.46,106599.47,105836,106440,91.66666666666666,NaN,NaN,91.26984126984128,-1,85.22148992401323,73.2164848419483,54.61773666749244,97.03903903903901,1,0,1,85.22148992401323,73.2164848419483,54.61773666749244,97.03903903903901,-12,0,0,0,0,0
1762768800,106440,106454.73,105955.29,106176.5,84.92063492063492,NaN,NaN,90.71428571428571,-1,85.45660795152325,75.55953104432449,55.8866425779039,95.11610486891385,1,0,1,85.45660795152325,75.55953104432449,55.8866425779039,95.11610486891385,-18,0,0,0,0,0
1762776000,106176.5,106589.89,105868,106548.02,78.17460317460318,NaN,NaN,88.01587301587301,-1,86.1008557018458,77.47479385516833,57.16552939892917,95.84505854168779,1,0,1,86.1008557018458,77.47479385516833,57.16552939892917,95.84505854168779,-26.1,0,0,0,0,0
1762783200,106548.02,106548.02,104667,105079.99,59.92063492063492,NaN,NaN,81.50793650793652,-1,83.03165108110925,77.62156633006202,58.00318239978485,88.44545669264777,1,0,1,83.03165108110925,77.62156633006202,58.00318239978485,88.44545669264777,-19.8,0,0,0,0,0
1762790400,105079.99,105981.79,104784.36,105953.1,51.587301587301596,NaN,NaN,73.25396825396827,0,79.91187977840528,77.39731789584374,58.744951982226226,84.43074535209374,1,0,1,79.91187977840528,77.39731789584374,58.744951982226226,84.43074535209374,-19.8,0,0,0,0,0
1762797600,105953.1,106094.31,105408,105817.99,35.714285714285715,NaN,NaN,62.06349206349207,0,76.07163941589752,76.55881718086763,59.394722221842954,89.41100651213017,1,0,1,76.07163941589752,76.55881718086763,59.394722221842954,89.41100651213017,-19.200000000000003,0,0,0,0,0
1762804800,105818,106299.22,105280,105631.27,32.93650793650794,NaN,NaN,51.666666666666664,0,71.82727077247112,75.58823203913101,59.93233405933357,87.23919425043027,1,0,1,71.82727077247112,75.58823203913101,59.93233405933357,87.23919425043027,-19.8,0,0,0,0,0
1762812000,105631.26,106275.16,105364.68,106011.13,24.6031746031746,NaN,NaN,40.95238095238095,0,68.54620023326083,74.78808398319602,60.447842871179894,88.54256503694711,1,0,1,68.54620023326083,74.78808398319602,60.447842871179894,88.54256503694711,-21.6,0,0,0,0,0
1762819200,106011.13,107500,105500,106110.36,17.46031746031746,NaN,NaN,32.46031746031746,0,65.52840593197169,74.31206546257245,61.120554511235355,87.11982947996086,1,0,1,65.52840593197169,74.31206546257245,61.120554511235355,87.11982947996086,-21.9,0,0,0,0,0
1762826400,106110.36,107130,105610,106456,17.857142857142858,NaN,NaN,25.71428571428571,0,64.87374044979302,73.95008338795108,61.93902444177895,85.23122558907848,1,0,1,64.87374044979302,73.95008338795108,61.93902444177895,85.23122558907848,-22.5,0,0,0,0,0
1762833600,106456,106546,105166.66,105249.35,21.825396825396826,NaN,NaN,22.936507936507933,0,61.34001098427606,72.81048399926269,62.4442654610842,80.00610500610505,1,0,1,61.34001098427606,72.81048399926269,62.4442654610842,80.00610500610505,-23.7,0,0,0,0,0
1762840800,105249.35,105345.68,104741.2,104783.98,28.968253968253972,NaN,NaN,22.142857142857142,0,56.453881820829416,70.99348804255062,62.73410167096593,69.85929356704706,1,0,1,56.453881820829416,70.99348804255062,62.73410167096593,69.85929356704706,-18.3,0,0,0,1,0
1762848000,104783.99,105485.71,104762.23,104971.63,32.142857142857146,NaN,NaN,23.650793650793652,0,51.19895313436734,68.84007090115469,62.94838964474229,68.17392349201495,1,0,1,51.19895313436734,68.84007090115469,62.94838964474229,68.17392349201495,-17.1,0,0,0,0,0
1762855200,104971.62,105497.99,104920.25,105311.9,30.158730158730158,NaN,NaN,26.190476190476193,0,46.32965469676347,66.81631996298272,63.14697278647435,71.37765592039946,1,0,1,46.32965469676347,66.81631996298272,63.14697278647435,71.37765592039946,-17.1,0,0,0,0,0
1762862400,105311.9,105500,104022.92,104390.92,35.714285714285715,NaN,NaN,29.761904761904766,0,40.908413747913116,64.05992991013886,62.90399390686951,67.85356238636552,0,1,1,40.908413747913116,64.05992991013886,62.90399390686951,67.85356238636552,-13.5,0,0,0,0,0
1762869600,104390.93,104665.67,103170.33,103455.99,47.61904761904761,NaN,NaN,34.920634920634924,0,35.074465700726726,61.31945025476673,62.196060538105144,56.59079709775537,0,1,1,35.074465700726726,61.31945025476673,62.196060538105144,56.59079709775537,-8.100000000000001,0,0,0,0,0
1762876800,103455.99,103730,102840.22,103338.99,61.50793650793651,NaN,NaN,41.42857142857143,0,30.918374588389582,58.33919696034303,61.29369465642336,50.207060445629104,0,1,1,30.918374588389582,58.33919696034303,61.29369465642336,50.207060445629104,-10.5,0,0,0,0,0
1762884000,103338.99,103572.37,102861.72,103126.39,68.65079365079364,NaN,NaN,48.73015873015873,0,27.524234825295846,55.10246614858231,60.0719700007149,48.20685168597697,0,1,1,27.524234825295846,55.10246614858231,60.0719700007149,48.20685168597697,-9,0,0,0,0,0
1762891200,103126.39,103224.29,102476.09,102633.92,80.95238095238095,NaN,NaN,58.88888888888889,0,23.959330563911678,51.60210944894203,58.64536462212557,43.928067735224786,0,1,1,23.959330563911678,51.60210944894203,58.64536462212557,43.928067735224786,-5.699999999999999,0,0,0,0,0
1762898400,102633.92,103209.13,102503,103058.99,82.53968253968253,NaN,NaN,68.25396825396825,0,21.574398382080673,48.30465056042803,57.35190209777011,43.519044463378485,0,1,1,21.574398382080673,48.30465056042803,57.35190209777011,43.519044463378485,-6.900000000000002,0,0,0,0,0
1762905600,103059,103394.01,102687.72,103254.64,81.34920634920636,NaN,NaN,75,0,21.290552955556752,45.58895105024373,56.24786626288847,47.28594246486894,0,1,1,21.290552955556752,45.58895105024373,56.24786626288847,47.28594246486894,-19.200000000000003,0,0,0,0,0
1762912800,103254.63,103440.96,102939.85,103310,74.60317460317461,NaN,NaN,77.61904761904762,0,22.488066225937928,43.06640137605986,55.221338079613695,47.98573557946128,0,1,1,22.488066225937928,43.06640137605986,55.221338079613695,47.98573557946128,-26.7,0,0,0,0,0
1762920000,103310,103467.2,103011,103385.3,59.92063492063492,NaN,NaN,75.87301587301587,0,24.865402050148198,41.14837402707789,54.28581119200891,44.286585433766675,0,1,-1,24.865402050148198,41.14837402707789,54.28581119200891,44.286585433766675,-27.3,0,0,0,0,0
1762927200,103385.31,103654.38,103051.59,103112.66,53.17460317460318,NaN,NaN,70.31746031746032,0,27.306724010926818,39.61058283269732,53.3380715480205,34.57567806870962,0,1,-1,27.306724010926818,39.61058283269732,53.3380715480205,34.57567806870962,-28.5,0,0,0,0,0
1762934400,103112.65,105079.31,103112.24,104521.56,50.79365079365079,NaN,NaN,63.968253968253975,0,32.55187479147561,39.07137448365312,52.758841473405894,39.62475409836067,1,0,-1,32.55187479147561,39.07137448365312,52.758841473405894,39.62475409836067,-17.4,0,0,0,0,0
1762941600,104521.56,105200,104510.5,105020.83,51.98412698412699,NaN,NaN,58.095238095238095,0,39.39750236110694,39.26176615819895,52.547943848895656,55.26549180327869,1,0,1,39.39750236110694,39.26176615819895,52.547943848895656,55.26549180327869,-11.7,0,0,0,0,0
1762948800,105020.82,105333.33,104622.43,105039.99,47.61904761904761,NaN,NaN,52.698412698412696,0,46.66087617867018,40.201704052697615,52.488086363922434,59.51491803278695,1,0,1,46.66087617867018,40.201704052697615,52.488086363922434,59.51491803278695,-9.600000000000001,0,0,0,0,0
1762956000,105039.99,105039.99,101961.97,102173.51,54.761904761904766,NaN,NaN,51.666666666666664,0,48.64173131670868,40.0548203254358,51.92531140069679,36.17622950819673,0,1,-1,48.64173131670868,40.0548203254358,51.92531140069679,36.17622950819673,-4.800000000000001,0,0,0,0,0
1762963200,102173.51,102285.18,101300,101748.02,65.07936507936508,NaN,NaN,54.04761904761905,0,48.17121235990679,39.35994929676915,50.94290306390374,9.953310417768371,0,1,-1,48.17121235990679,39.35994929676915,50.94290306390374,9.953310417768371,-3,0,0,0,0,0
1762970400,101748.01,101947.88,100813.59,101297.31,76.98412698412699,NaN,NaN,59.28571428571429,0,45.79793255130919,38.07522478225954,49.53339633575443,7.230252214759588,0,1,-1,45.79793255130919,38.07522478225954,49.53339633575443,7.230252214759588,-0.9000000000000021,0,0,0,0,0
1762977600,101297.31,101920.48,101141.03,101920.47,82.93650793650794,NaN,NaN,65.47619047619047,0,41.973439511337645,36.928828226543885,48.04510174244006,11.894275104278726,0,1,-1,41.973439511337645,36.928828226543885,48.04510174244006,11.894275104278726,-0.6000000000000014,0,0,0,0,0
1762984800,101920.48,101999.35,101448.82,101654.37,85.71428571428571,NaN,NaN,73.0952380952381,0,36.50276340611619,35.57939996835925,46.388912739081235,14.564317772915537,0,1,-1,36.50276340611619,35.57939996835925,46.388912739081235,14.564317772915537,-1.2000000000000028,0,0,0,0,0
1762992000,101654.37,102604,101467.15,102007,87.6984126984127,NaN,NaN,79.68253968253967,0,31.873811700499086,34.63729989575297,45.00414536993704,15.211376508470181,0,1,-1,31.873811700499086,34.63729989575297,45.00414536993704,15.211376508470181,-3.3000000000000007,0,0,0,0,0
1762999200,102006.99,102566.93,100922.55,102130.21,87.6984126984127,NaN,NaN,84.2063492063492,0,31.108173266273067,34.02795132923346,43.7644894438601,18.769638714945785,0,1,-1,31.108173266273067,34.02795132923346,43.7644894438601,18.769638714945785,-24.9,0,0,0,0,0
1763006400,102130.21,103400,101665.59,103135.84,87.3015873015873,NaN,NaN,86.26984126984127,0,33.535136823681405,34.23532110720711,43.034306711233384,27.21093980177711,0,1,-1,33.535136823681405,34.23532110720711,43.034306711233384,27.21093980177711,-17.1,0,0,0,0,0
1763013600,103136,104085.01,102914.39,103475.66,87.3015873015873,NaN,NaN,87.14285714285714,0,38.0952964978529,35.21120762433438,42.712520707984254,37.27201891598037,0,1,-1,38.0952964978529,35.21120762433438,42.712520707984254,37.27201891598037,-10.5,0,0,1,0,0
1763020800,103475.66,103811.49,102553.63,102827,86.90476190476191,NaN,NaN,87.38095238095238,0,41.90299802398897,35.74229243635756,42.42873574235232,34.96255838334778,0,1,-1,41.90299802398897,35.74229243635756,42.42873574235232,34.96255838334778,-13.8,0,0,0,0,0
1763028000,102827,103289.89,102711.53,102936.5,81.34920634920636,NaN,NaN,86.11111111111111,0,45.9286117018745,35.94469129558662,42.161561536002,30.93079844041874,0,1,-1,45.9286117018745,35.94469129558662,42.161561536002,30.93079844041874,-14.4,0,0,0,0,0
1763035200,102936.49,103274.93,102150,102326.48,62.301587301587304,NaN,NaN,81.03174603174604,0,47.930929601174356,35.568280954205456,41.838944200627814,27.18798278897048,0,1,-1,47.930929601174356,35.568280954205456,41.838944200627814,27.18798278897048,-17.4,0,0,0,0,0
1763042400,102326.48,103483.83,101184.14,101382.64,37.301587301587304,NaN,NaN,71.03174603174604,0,46.919733801191455,35.20776675368258,41.29286291443643,15.568444052937245,0,1,-1,46.919733801191455,35.20776675368258,41.29286291443643,15.568444052937245,-12.600000000000001,0,0,0,0,0
1763049600,101382.63,101540.93,99608.98,99659.99,63.095238095238095,NaN,NaN,66.19047619047619,0,42.48337138307105,34.320233843378546,40.32680315338797,4.578488512176214,0,1,-1,42.48337138307105,34.320233843378546,40.32680315338797,4.578488512176214,-1.8000000000000007,0,0,0,0,0
1763056800,99659.99,99922,98147.4,98682.14,89.68253968253968,NaN,NaN,66.74603174603173,0,36.764519535363576,33.28226428564695,39.181187072394465,3.18199274160731,0,1,-1,36.764519535363576,33.28226428564695,39.181187072394465,3.18199274160731,0,0,0,0,0,0
1763064000,98682.13,99031.76,98000.4,98817.36,97.22222222222221,NaN,NaN,69.92063492063491,0,31.036507809080604,31.96879065955648,38.01198017859548,7.158747763489785,0,1,-1,31.036507809080604,31.96879065955648,38.01198017859548,7.158747763489785,0,0,0,0,0,0
1763071200,98817.35,100501.31,98701.88,99692.02,97.61904761904762,NaN,NaN,76.98412698412696,0,26.90769218957392,31.149717063794753,37.026893257730976,13.203608572992636,0,1,-1,26.90769218957392,31.149717063794753,37.026893257730976,13.203608572992636,-0.6000000000000014,0,0,0,0,0
1763078400,99692.03,99778,98700,99255.6,97.61904761904762,NaN,NaN,89.04761904761904,0,24.197584382512524,30.402176830574078,36.093102166835095,15.510232009768949,0,1,-1,24.197584382512524,30.402176830574078,36.093102166835095,15.510232009768949,-2.400000000000002,0,0,0,0,0
1763085600,99255.6,99866.02,98805.23,99139.38,97.61904761904762,NaN,NaN,95.95238095238093,0,23.240124900407963,29.738565017053773,35.24747949931748,12.601477956966725,0,1,-1,23.240124900407963,29.738565017053773,35.24747949931748,12.601477956966725,-6,0,0,0,0,0
1763092800,99139.38,99178.58,96712.12,97523.98,98.4126984126984,NaN,NaN,97.69841269841268,0,22.90234799703142,28.544561561182633,34.33567863694968,9.757717841988246,0,1,-1,22.90234799703142,28.544561561182633,34.33567863694968,9.757717841988246,-11.7,0,0,0,0,0
1763100000,97523.98,97742.85,95933.75,97151.98,98.4126984126984,NaN,NaN,97.93650793650792,0,22.72695762134056,27.01502762119039,33.43767063651364,9.029147474885129,0,1,-1,22.72695762134056,27.01502762119039,33.43767063651364,9.029147474885129,-5.699999999999999,0,0,0,0,0
1763107200,97151.97,97553.7,96681.63,96839.93,98.01587301587301,NaN,NaN,98.015873015873,0,21.865264392298947,25.36205093662923,32.26160715311302,9.18365935372308,0,1,-1,21.865264392298947,25.36205093662923,32.26160715311302,9.18365935372308,-3.900000000000002,0,0,0,0,0
1763114400,96839.94,97286.92,95711,96167.44,97.61904761904762,NaN,NaN,98.015873015873,0,19.92795985288977,23.529023589341175,30.81972381653113,5.853218149156156,0,1,-1,19.92795985288977,23.529023589341175,30.81972381653113,5.853218149156156,-2.400000000000002,0,0,0,0,0
1763121600,96167.45,96167.45,94560.48,95243.95,96.82539682539682,NaN,NaN,97.85714285714283,0,17.76538228393514,21.816681413465005,29.222704707669784,4.576890019152401,0,1,-1,17.76538228393514,21.816681413465005,29.222704707669784,4.576890019152401,-1.8000000000000007,0,0,0,0,0
1763128800,95243.95,97322.35,94951.43,96796.14,94.84126984126983,NaN,NaN,97.14285714285711,1,18.127933466914865,21.307043856338268,28.34700559029906,11.279900645464458,0,1,-1,18.127933466914865,21.307043856338268,28.34700559029906,11.279900645464458,-4.199999999999999,0,0,0,0,0
1763136000,96796.14,97411.11,95600,95842.56,93.65079365079364,NaN,NaN,96.19047619047618,1,19.19286523681109,21.331210040643896,27.756014088676785,13.593008086853324,0,1,-1,19.19286523681109,21.331210040643896,27.756014088676785,13.593008086853324,-11.400000000000002,0,0,0,0,0
1763143200,95842.57,96329.58,94800.55,95778.29,92.06349206349206,NaN,NaN,94.99999999999997,1,20.346185551624046,21.481098865496566,27.336714119153193,9.65990237659512,0,1,-1,20.346185551624046,21.481098865496566,27.336714119153193,9.65990237659512,-14.700000000000001,0,0,0,0,0
1763150400,95778.3,95940,94201.77,95059.47,94.04761904761905,NaN,NaN,94.28571428571425,0,21.32744323254064,21.557003072951638,26.910564070985814,7.930642603523303,0,1,-1,21.32744323254064,21.557003072951638,26.910564070985814,7.930642603523303,-14.700000000000001,0,0,1,0,0
1763157600,95059.46,95482.74,94012.45,94594,94.44444444444444,NaN,NaN,93.80952380952378,0,22.22320644237637,21.325677140426144,26.535532809285083,5.380742350670438,0,1,-1,22.22320644237637,21.325677140426144,26.535532809285083,5.380742350670438,-12.600000000000001,0,0,1,0,0
1763164800,94594,95800,94558.49,95650.17,89.28571428571429,NaN,NaN,92.69841269841268,0,24.17049143732104,21.26927263878062,26.24514146479102,8.227105738254927,0,1,-1,24.17049143732104,21.26927263878062,26.24514146479102,8.227105738254927,-14.700000000000001,0,0,1,0,0
1763172000,95650.17,96846.68,95395.08,96417.12,78.96825396825396,NaN,NaN,89.76190476190473,0,27.118871016928438,21.73483439235067,26.18794840719076,14.985634900334013,0,1,-1,27.118871016928438,21.73483439235067,26.18794840719076,14.985634900334013,-12,0,0,1,0,0
1763179200,96417.12,96520,95921.21,96342.18,51.587301587301596,NaN,NaN,81.66666666666666,0,31.132941583037727,22.581354233058704,26.110163301687674,17.55100073771736,0,1,-1,31.132941583037727,22.581354233058704,26.110163301687674,17.55100073771736,-16.5,0,0,1,0,0
1763186400,96342.18,96570.65,95947.68,96333.86,40.07936507936508,NaN,NaN,70.87301587301586,0,35.566929201517056,23.569204315366434,25.96551815662038,17.24234571882959,0,1,-1,35.566929201517056,23.569204315366434,25.96551815662038,17.24234571882959,-14.4,0,0,0,0,0
1763193600,96333.87,96350.52,95642.61,95808.44,35.317460317460316,NaN,NaN,59.04761904761902,0,39.64719592342502,24.590874769631206,25.838018305330024,15.263706158642641,0,1,-1,39.64719592342502,24.590874769631206,25.838018305330024,15.263706158642641,-14.100000000000001,0,0,0,0,0
1763200800,95808.44,96064.49,95630,95696.87,30.158730158730158,NaN,NaN,47.22222222222219,0,42.553604551769794,25.45991023387643,25.569950445329855,12.902306200903816,0,1,-1,42.553604551769794,25.45991023387643,25.569950445329855,12.902306200903816,-17.1,0,0,0,0,0
1763208000,95696.86,96372.99,95565.17,96370.16,30.952380952380953,NaN,NaN,37.61904761904759,0,45.813303726840445,26.471170819389258,25.420372075406917,14.984671048485474,0,1,-1,45.813303726840445,26.471170819389258,25.420372075406917,14.984671048485474,-24.9,0,0,0,0,0
1763215200,96370.17,96471.22,96013.58,96260,29.365079365079367,NaN,NaN,33.17460317460314,0,48.16036575302732,27.255884730466875,25.459063482512207,17.30727778302637,0,1,-1,48.16036575302732,27.255884730466875,25.459063482512207,17.30727778302637,-25.5,0,0,0,0,0
1763222400,96259.99,96419.65,95731.32,96238.5,26.190476190476193,NaN,NaN,30.39682539682537,0,49.80050497391659,28.06038293088893,25.69182097487849,17.447323106711394,0,1,-1,49.80050497391659,28.06038293088893,25.69182097487849,17.447323106711394,-25.8,0,0,0,0,0
1763229600,96238.51,96349.86,95920.94,96012.01,26.190476190476193,NaN,NaN,28.571428571428545,0,50.479460520784606,28.852111186876826,25.96897075675686,17.583526348553463,0,1,-1,50.479460520784606,28.852111186876826,25.96897075675686,17.583526348553463,-26.4,0,0,0,0,0
1763236800,96012.01,96012.01,95119.94,95279.99,26.984126984126984,NaN,NaN,27.936507936507912,0,49.235210091572355,29.43349392787003,26.107082051325996,14.22017749650712,0,1,-1,49.235210091572355,29.43349392787003,26.107082051325996,14.22017749650712,-23.7,0,0,0,0,0
1763244000,95280,95694.01,95225.78,95596.24,23.809523809523807,NaN,NaN,26.507936507936485,0,47.948820236523815,30.037230599252595,26.08508121492386,12.41052269631043,0,1,-1,47.948820236523815,30.037230599252595,26.08508121492386,12.41052269631043,-22.5,0,0,0,0,0
1763251200,95596.23,95704.81,94841.62,95276.62,16.26984126984127,NaN,NaN,23.88888888888886,0,45.09889337470495,30.331086834289152,25.990723832846534,12.395854642634887,0,1,-1,45.09889337470495,30.331086834289152,25.990723832846534,12.395854642634887,-20.1,0,0,0,0,0
1763258400,95276.61,95979.79,95094.31,95825.02,15.476190476190476,NaN,NaN,21.746031746031715,0,43.52406574186528,30.69655232911974,26.003386490598523,13.50777710093633,0,1,-1,43.52406574186528,30.69655232911974,26.003386490598523,13.50777710093633,-21.6,0,0,0,0,0
1763265600,95825.02,96192,95650.72,95881.82,15.079365079365079,NaN,NaN,19.523809523809494,0,43.04385288181277,31.158328110534008,26.130885160479487,16.26172170361322,0,1,-1,43.04385288181277,31.158328110534008,26.130885160479487,16.26172170361322,-23.7,0,0,0,0,0
1763272800,95881.83,96100,95721.68,96099.99,14.285714285714285,NaN,NaN,16.984126984126952,0,44.827039549298476,31.910511243464285,26.383063329066033,17.47615909717274,0,1,-1,44.827039549298476,31.910511243464285,26.383063329066033,17.47615909717274,-24.3,0,0,0,0,0
1763280000,96099.98,96635.11,95859.35,96629.75,15.079365079365079,NaN,NaN,15.238095238095207,0,49.598689202505554,33.29331993415089,26.806933195577347,20.779480040420935,0,1,-1,49.598689202505554,33.29331993415089,26.806933195577347,20.779480040420935,-18.9,0,0,0,0,0
1763287200,96629.74,96629.74,95500,95627.13,15.873015873015872,NaN,NaN,15.158730158730128,0,52.15889233222887,34.4003195862025,27.192925485799428,18.691038152511155,0,1,-1,52.15889233222887,34.4003195862025,27.192925485799428,18.691038152511155,-20.700000000000003,0,0,0,0,0
1763294400,95627.13,95900,95117.48,95420.44,17.46031746031746,NaN,NaN,15.555555555555525,0,53.000507701208576,34.98152688627392,27.464368369053084,13.349978093575821,0,1,-1,53.000507701208576,34.98152688627392,27.464368369053084,13.349978093575821,-20.1,0,0,0,0,0
1763301600,95420.44,95673.9,94368.24,94573.46,24.6031746031746,NaN,NaN,17.46031746031743,0,50.51094956513366,34.67969256606272,27.378034059177406,8.696320427387334,0,1,-1,50.51094956513366,34.67969256606272,27.378034059177406,8.696320427387334,-14.700000000000001,0,0,0,0,0
1763308800,94573.46,94945.52,93770.48,94357.67,33.730158730158735,NaN,NaN,21.34920634920632,0,46.52526212293716,33.94945013441772,27.166752749101242,5.016889886104366,0,1,-1,46.52526212293716,33.94945013441772,27.166752749101242,5.016889886104366,-7.800000000000001,0,0,0,0,0
1763316000,94357.66,95567.79,93775.81,94020,40.476190476190474,NaN,NaN,26.4285714285714,0,40.20730580105196,32.682567552062096,26.763962473803257,3.618095884665152,0,1,-1,40.20730580105196,32.682567552062096,26.763962473803257,3.618095884665152,-5.100000000000001,0,0,0,0,0
1763323200,94020.49,94739.74,93369,93505.22,53.96825396825397,NaN,NaN,34.04761904761902,0,32.519338586240096,31.333218701281844,26.31939284508747,1.64824824938011,0,1,-1,32.519338586240096,31.333218701281844,26.31939284508747,1.64824824938011,-4.199999999999999,0,0,0,0,0
1763330400,93505.23,94540,93005.55,94261.44,58.730158730158735,NaN,NaN,42.301587301587276,0,28.52214601090169,30.538265899865785,26.10146089437288,5.663015010181013,0,1,-1,28.52214601090169,30.538265899865785,26.10146089437288,5.663015010181013,-9.900000000000002,0,0,0,0,0
1763337600,94261.45,95487.8,93767.27,94768.02,57.936507936507944,NaN,NaN,48.96825396825394,0,27.976526625122496,30.56568724711219,26.081498298783476,12.242106851355246,0,1,-1,27.976526625122496,30.56568724711219,26.081498298783476,12.242106851355246,-16.5,0,0,0,0,0
1763344800,94768.02,95559.99,94707.82,95496.77,59.12698412698413,NaN,NaN,54.047619047619015,0,31.8023157389124,31.37023313706589,26.299782600063043,17.49874509513866,0,1,-1,31.8023157389124,31.37023313706589,26.299782600063043,17.49874509513866,-16.200000000000003,0,0,0,0,0
1763352000,95496.77,95575.94,94849.37,95122.76,55.55555555555556,NaN,NaN,57.063492063492035,0,36.56007010318344,32.33812971459072,26.584689109024907,19.905040160538086,0,1,-1,36.56007010318344,32.33812971459072,26.584689109024907,19.905040160538086,-14.4,0,0,1,0,0
1763359200,95122.77,95880,94900,95653.77,54.761904761904766,NaN,NaN,57.22222222222219,0,43.642824845038376,33.74674591673916,27.09491755157491,21.50569612598447,0,1,-1,43.642824845038376,33.74674591673916,27.09491755157491,21.50569612598447,-9,0,0,0,0,0
1763366400,95653.78,96026.71,95309.68,95656.21,52.38095238095239,NaN,NaN,55.95238095238093,0,51.28155745582799,34.92196825318421,27.68197748212693,23.91307879625907,0,1,-1,51.28155745582799,34.92196825318421,27.68197748212693,23.91307879625907,-8.7,0,0,0,0,0
1763373600,95656.2,95938.36,95369.98,95565.38,40.07936507936508,NaN,NaN,52.38095238095235,0,57.350397308405945,36.2485586292248,28.272791491957587,23.51418751455401,0,1,-1,57.350397308405945,36.2485586292248,28.272791491957587,23.51418751455401,-19.5,0,0,0,0,0
1763380800,95565.38,95571.3,93571.3,93959.79,41.269841269841265,NaN,NaN,48.80952380952378,0,58.47225334511277,36.56115199582958,28.426518520950452,15.858489493170232,0,1,-1,58.47225334511277,36.56115199582958,28.426518520950452,15.858489493170232,-17.4,0,0,0,0,0
1763388000,93959.78,96043,93755.22,93959.67,41.66666666666667,NaN,NaN,46.031746031746,0,56.109598444230556,36.814798091746326,28.382708011870918,8.612152577833172,0,1,-1,56.109598444230556,36.814798091746326,28.382708011870918,8.612152577833172,-10.5,0,0,0,0,0
1763395200,93959.68,94419.88,92658.82,92767.49,58.333333333333336,NaN,NaN,46.74603174603172,0,50.88960443391969,36.28226025034205,27.967444843312094,4.781335856231728,0,1,-1,50.88960443391969,36.28226025034205,27.967444843312094,4.781335856231728,-3.900000000000002,0,0,0,0,0
1763402400,92767.48,93224.35,91588,91678.93,81.74603174603175,NaN,NaN,52.61904761904761,0,43.09969183806193,35.268830018914656,27.26564633955838,0.8393373612741044,0,1,-1,43.09969183806193,35.268830018914656,27.26564633955838,0.8393373612741044,-0.9000000000000021,0,0,0,0,0
1763409600,91678.93,92253.72,91292,91959.71,88.4920634920635,NaN,NaN,62.301587301587304,0,35.15173844982734,34.35191623989452,26.588715698380863,3.0304891318950737,0,1,-1,35.15173844982734,34.35191623989452,26.588715698380863,3.0304891318950737,-0.6000000000000014,0,0,0,0,0
1763416800,91959.72,92399.48,91220,92215.14,92.85714285714286,NaN,NaN,72.61904761904762,0,28.570119691378785,33.43651739917886,26.060471676111682,6.723897514230721,0,1,-1,28.570119691378785,33.43651739917886,26.060471676111682,6.723897514230721,-2.6999999999999993,0,0,0,0,0
1763424000,92215.14,92357.51,91200,91714.29,94.44444444444444,NaN,NaN,83.17460317460316,0,24.09309507795339,32.09599015539143,25.54983941563123,6.150577165924567,0,1,-1,24.09309507795339,32.09599015539143,25.54983941563123,6.150577165924567,-6.300000000000001,0,0,0,0,0
1763431200,91714.29,91750,89700,90842.72,96.03174603174604,NaN,NaN,90.71428571428571,0,20.975614272724897,30.39586267640407,25.051437089515353,6.238508646829182,0,1,-1,20.975614272724897,30.39586267640407,25.051437089515353,6.238508646829182,-6.600000000000001,0,0,0,0,0
1763438400,90842.72,90851.66,89253.78,90221.33,97.22222222222221,NaN,NaN,93.8095238095238,0,19.562657415492076,28.688915499565365,24.57800947728522,8.082390266159472,0,1,-1,19.562657415492076,28.688915499565365,24.57800947728522,8.082390266159472,-8.100000000000001,0,0,0,0,0
1763445600,90221.33,90555.88,89337.39,90512.1,98.01587301587301,NaN,NaN,95.7142857142857,0,19.511414111218347,26.867260545413266,24.14044630557955,9.531004855021017,0,1,-1,19.511414111218347,26.867260545413266,24.14044630557955,9.531004855021017,-10.5,0,0,0,0,0
1763452800,90512.1,91487.58,90509.79,91400.01,95.23809523809523,NaN,NaN,96.19047619047618,0,21.404517123329832,25.448846067449203,23.894280566737198,15.134656231190334,0,1,-1,21.404517123329832,25.448846067449203,23.894280566737198,15.134656231190334,-11.400000000000002,0,0,1,0,0
1763460000,91400.01,91617.17,91247.56,91517.82,92.06349206349206,NaN,NaN,95.7142857142857,0,24.71706619799464,24.41601993455821,23.904499202034472,19.60550449743191,0,1,-1,24.71706619799464,24.41601993455821,23.904499202034472,19.60550449743191,-12.900000000000002,1,0,0,0,1
1763467200,91517.83,91878.11,90905.7,91476.56,75.79365079365078,NaN,NaN,91.66666666666664,0,29.23208698542487,24.332323473103674,24.097614876104743,20.53732803608392,0,1,-1,29.23208698542487,24.332323473103674,24.097614876104743,20.53732803608392,-19.5,0,0,1,0,0
1763474400,91476.56,93049.91,91010,92910.1,63.888888888888886,NaN,NaN,84.99999999999997,0,35.84436387977407,25.527747881860556,24.81650468965426,27.69961855367012,0,1,-1,35.84436387977407,25.527747881860556,24.81650468965426,27.69961855367012,-7.199999999999999,0,0,1,0,0
1763481600,92910.1,93836.01,92579.23,93256.92,55.952380952380956,NaN,NaN,76.58730158730155,0,43.359168691577054,27.836879899515722,25.844889459108735,37.394258794761534,0,1,-1,43.359168691577054,27.836879899515722,25.844889459108735,37.394258794761534,-4.5,0,0,0,0,0
1763488800,93256.92,93766,92994.88,93195.61,57.936507936507944,NaN,NaN,69.1269841269841,0,50.5139434581146,30.530383213499828,26.963798259637855,43.38444827629325,0,1,-1,50.5139434581146,30.530383213499828,26.963798259637855,43.38444827629325,-5.400000000000002,0,0,0,0,0
1763496000,93195.61,93298,92462.72,92491.59,59.523809523809526,NaN,NaN,62.61904761904759,0,55.20937368496931,32.92268004020322,28.00543148064749,42.722157258824154,0,1,-1,55.20937368496931,32.92268004020322,28.00543148064749,42.722157258824154,-9,0,0,0,0,0
1763503200,92491.6,93423.74,92491.59,92960.83,63.888888888888886,NaN,NaN,60.238095238095205,0,59.18046557441458,35.317974005371994,29.023842744473725,42.227269513738605,0,1,-1,59.18046557441458,35.317974005371994,29.023842744473725,42.227269513738605,-12.3,0,0,0,0,0
1763510400,92960.83,92980.22,91929.86,92439.99,64.28571428571429,NaN,NaN,60.31746031746029,0,60.87827798358456,37.30431022985687,29.722382785058873,42.251937827696125,0,1,-1,60.87827798358456,37.30431022985687,29.722382785058873,42.251937827696125,-18.6,0,0,0,0,0
1763517600,92440,92865.24,91660.49,91874.52,63.888888888888886,NaN,NaN,61.904761904761884,0,59.27512892721373,38.629306608760864,30.042288072757408,35.59344785610004,0,1,-1,59.27512892721373,38.629306608760864,30.042288072757408,35.59344785610004,-22.8,0,0,0,0,0
1763524800,91874.51,91976.12,90025.06,90459.99,69.44444444444444,NaN,NaN,64.2063492063492,0,54.68029608922964,39.023506918745,29.94186927629087,23.457123838314814,0,1,-1,54.68029608922964,39.023506918745,29.94186927629087,23.457123838314814,-6.900000000000002,0,0,0,0,0
1763532000,90459.99,92028.92,90282.83,91863.64,55.55555555555556,NaN,NaN,63.41269841269841,0,51.34650792881099,39.73853728470305,29.89701060804665,24.57959891073491,0,1,-1,51.34650792881099,39.73853728470305,29.89701060804665,24.57959891073491,-7.800000000000001,0,0,0,0,0
1763539200,91863.64,91950,91072.41,91513.72,45.23809523809524,NaN,NaN,59.682539682539684,0,48.39355265140487,40.16509536294338,29.763519682677924,32.068116266512185,0,1,-1,48.39355265140487,40.16509536294338,29.763519682677924,32.068116266512185,-10.2,0,0,0,0,0
1763546400,91513.72,91700.55,91484.42,91569.21,44.84126984126984,NaN,NaN,55.7936507936508,0,45.459326365928405,40.49853093441631,29.617023920742852,30.129265498031145,0,1,-1,45.459326365928405,40.49853093441631,29.617023920742852,30.129265498031145,-10.8,0,0,0,0,0